{

    "flake" : {

        "g1" : {

            "main_vector" : [-0.05298542, 5.50296444]
        },

        "g2" : {

            "main_vector" : [-0.34750333, 8.11313528]
        },
        
        "g3" : {

            "main_vector" : [-0.287338, 10.67620037]
        },

        "g4" : {

            "main_vector" : [-0.78640196, 13.26724135]
        },

        "g5" : {

            "main_vector" : [-0.49228004, 15.93054958] 
        },

        "ac" : {

            "main_vector" : [-0.05120472, 19.99967568]
        },

        "zz" : {

            "main_vector" : [9.92383573, 18.54639444]
        }
    },

    "periodic" : {

        "nH2" : {

            "g1_s1" : 5,
            "g1_s2" : 20,
            "g1_s3" : 50,
            "g1_s4" : 100,

            "g2_s1" : 5,
            "g2_s2" : 20,
            "g2_s3" : 50,
            "g2_s4" : 100,

            "g3_s1" : 5,
            "g3_s2" : 20,
            "g3_s3" : 50,
            "g3_s4" : 100,

            "g4_s1" : 5,
            "g4_s2" : 20,
            "g4_s3" : 50,
            "g4_s4" : 100,

            "g5_s1" : 5,
            "g5_s2" : 20,
            "g5_s3" : 50,
            "g5_s4" : 100
            
        }
    }
}