{

    "flake" : {

        "g1" : {

            "main_vector" : [-0.05298542, 5.50296444]
        },

        "g2" : {

            "main_vector" : [-0.34750333, 8.11313528]
        },
        
        "g3" : {

            "main_vector" : [-0.287338, 10.67620037]
        },

        "g4" : {

            "main_vector" : [-0.78640196, 13.26724135]
        },

        "g5" : {

            "main_vector" : [-0.49228004, 15.93054958] 
        },

        "ac" : {

            "main_vector" : [-0.05120472, 19.99967568]
        },

        "zz" : {

            "main_vector" : [9.92383573, 18.54639444]
        }
    },

    "periodic" : {

        "g1_s1" : {

            "nH2" : 5,

            "vectors" : [

                [5.9663266677, -3.4453357307, 0.0043331537],
                [6.8811e-05, 6.889914159, 0.0024282627]
            ]
        },

        "g1_s2" : {

            "nH2" : 20,

            "vectors" : [

                [12.0019957515, -6.9263988925, -0.0034672944],
                [-0.0019809404,  13.858318810,  0.0084398551]
            ]
        },

        "g1_s3" : {

            "nH2" : 50,

            "vectors" : [

                [18.032928542, -10.2854737315, 0.0108717350],
                [-0.071382610,  20.7577262500, 0.0073805181]
            ]
        },

        "g1_s4" : {

            "nH2" : 100,

            "vectors" : [

                [23.9811207185, -13.8388055426,  0.0083811947],
                [-0.0056188284,  27.6876408500, -0.0082150217]
            ]
        }
    }
}